{
    "train_losses": [
        0.9815462215749948,
        0.42530775190924786,
        0.3626325508869533,
        0.3402265610534753,
        0.31654556928031735,
        0.3118098544985501,
        0.3205735675974695,
        0.2956551763612324,
        0.2892610174951269,
        0.29699293652704273,
        0.2945317587872812,
        0.2940405874268841,
        0.27455429618419613,
        0.285336547092334,
        0.2855041860136142
    ],
    "train_accuracies": [
        68.66,
        87.45,
        89.49,
        90.24666666666667,
        90.88,
        91.07,
        90.805,
        91.44333333333333,
        91.73,
        91.475,
        91.56166666666667,
        91.56,
        92.23666666666666,
        91.98166666666667,
        91.84166666666667
    ],
    "test_losses": [
        0.45460275796395316,
        0.3958981686000583,
        0.3443116272646415,
        0.31182007472726364,
        0.31584875290341013,
        0.3630515426585946,
        0.32660224496186535,
        0.2840771375671972,
        0.31991457415721086,
        0.301699944689304,
        0.30630202992241595,
        0.3103411740423003,
        0.2794150942347095,
        0.30390300757334204,
        0.3103511949788921
    ],
    "test_accuracies": [
        86.43,
        88.24,
        90.14,
        91.46,
        91.01,
        88.91,
        90.28,
        92.16,
        90.66,
        91.54,
        90.93,
        91.6,
        92.16,
        91.29,
        90.95
    ],
    "final_test_accuracy": 90.95,
    "final_test_loss": 0.3103511949788921,
    "hyperparameters": {
        "batch_size": 128,
        "learning_rate": 0.001,
        "num_epochs": 15,
        "hidden_dim": 64,
        "num_basis": 16
    }
}